titre,type,ville,quartier,surface,nb_chambres,nb_salons,nb_salles_de_bains,prix
Studio à Cocody,studio,Abidjan,Cocody,26,0,1,1,120000
Studio à Marcory,studio,Abidjan,Marcory,39,0,1,1,155000
Studio à Adjamé,studio,Abidjan,Adjamé,36,0,1,1,70000
Studio à Plateau,studio,Abidjan,Plateau,24,0,1,1,120000
Studio à Abobo,studio,Abidjan,Abobo,35,0,1,1,55000
Villa à Adjamé,villa,Abidjan,Adjamé,206,6,2,6,735000
Villa à Marcory,villa,Abidjan,Marcory,237,6,1,6,1605000
Studio à Koumassi,studio,Abidjan,Koumassi,20,0,1,1,50000
Maison à Koumassi,maison,Abidjan,Koumassi,137,4,1,3,400000
Studio à Port-Bouët,studio,Abidjan,Port-Bouët,35,0,1,1,80000
Maison à Abobo,maison,Abidjan,Abobo,217,6,1,6,500000
Studio à Bingerville,studio,Abidjan,Bingerville,25,0,1,1,85000
Maison à Port-Bouët,maison,Abidjan,Port-Bouët,186,6,1,5,520000
Studio à Bingerville,studio,Abidjan,Bingerville,37,0,1,1,120000
Appartement à Adjamé,appartement,Abidjan,Adjamé,65,3,1,2,130000
Appartement à Adjamé,appartement,Abidjan,Adjamé,132,4,1,4,270000
Maison à Plateau,maison,Abidjan,Plateau,172,6,1,6,1305000
Maison à Abobo,maison,Abidjan,Abobo,124,5,1,4,290000
Appartement à Yopougon,appartement,Abidjan,Yopougon,78,3,1,3,200000
Maison à Adjamé,maison,Abidjan,Adjamé,219,6,2,5,505000
Villa à Marcory,villa,Abidjan,Marcory,173,5,1,5,1040000
Studio à Port-Bouët,studio,Abidjan,Port-Bouët,30,0,1,1,70000
Maison à Yopougon,maison,Abidjan,Yopougon,211,6,1,5,635000
Studio à Koumassi,studio,Abidjan,Koumassi,27,0,1,1,65000
Studio à Yopougon,studio,Abidjan,Yopougon,26,0,1,1,65000
Studio à Marcory,studio,Abidjan,Marcory,38,0,1,1,130000
Appartement à Adjamé,appartement,Abidjan,Adjamé,64,2,1,2,135000
Studio à Adjamé,studio,Abidjan,Adjamé,37,0,1,1,70000
Studio à Plateau,studio,Abidjan,Plateau,29,0,1,1,175000
Appartement à Bingerville,appartement,Abidjan,Bingerville,52,2,1,2,145000
Studio à Yopougon,studio,Abidjan,Yopougon,35,0,1,1,85000
Villa à Marcory,villa,Abidjan,Marcory,392,6,2,5,2590000
Appartement à Adjamé,appartement,Abidjan,Adjamé,136,5,1,4,350000
Villa à Koumassi,villa,Abidjan,Koumassi,380,6,1,6,1380000
Studio à Koumassi,studio,Abidjan,Koumassi,36,0,1,1,90000
Appartement à Abobo,appartement,Abidjan,Abobo,45,1,1,1,70000
Maison à Plateau,maison,Abidjan,Plateau,88,3,1,2,560000
Appartement à Treichville,appartement,Abidjan,Treichville,137,6,1,6,560000
Appartement à Port-Bouët,appartement,Abidjan,Port-Bouët,57,1,1,1,130000
Villa à Port-Bouët,villa,Abidjan,Port-Bouët,371,6,1,6,1370000
Studio à Koumassi,studio,Abidjan,Koumassi,25,0,1,1,55000
Villa à Adjamé,villa,Abidjan,Adjamé,185,6,1,5,590000
Villa à Cocody,villa,Abidjan,Cocody,356,6,1,6,3220000
Appartement à Treichville,appartement,Abidjan,Treichville,97,4,1,3,310000
Studio à Port-Bouët,studio,Abidjan,Port-Bouët,23,0,1,1,55000
Maison à Port-Bouët,maison,Abidjan,Port-Bouët,186,6,2,5,485000
Appartement à Bingerville,appartement,Abidjan,Bingerville,52,1,1,1,140000
Villa à Abobo,villa,Abidjan,Abobo,278,6,1,6,865000
Studio à Cocody,studio,Abidjan,Cocody,39,0,1,1,215000
Studio à Port-Bouët,studio,Abidjan,Port-Bouët,36,0,1,1,80000
Studio à Abobo,studio,Abidjan,Abobo,37,0,1,1,55000
Maison à Abobo,maison,Abidjan,Abobo,136,5,1,4,265000
Appartement à Port-Bouët,appartement,Abidjan,Port-Bouët,130,4,1,3,310000
Studio à Cocody,studio,Abidjan,Cocody,32,0,1,1,165000
Studio à Abobo,studio,Abidjan,Abobo,20,0,1,1,35000
Maison à Adjamé,maison,Abidjan,Adjamé,103,3,1,3,275000
Maison à Koumassi,maison,Abidjan,Koumassi,110,5,1,4,335000
Studio à Adjamé,studio,Abidjan,Adjamé,39,0,1,1,90000
Studio à Bingerville,studio,Abidjan,Bingerville,22,0,1,1,65000
Appartement à Cocody,appartement,Abidjan,Cocody,79,3,1,3,440000
Maison à Treichville,maison,Abidjan,Treichville,199,6,2,6,725000
Maison à Port-Bouët,maison,Abidjan,Port-Bouët,81,2,1,1,230000
Appartement à Bingerville,appartement,Abidjan,Bingerville,139,6,1,5,490000
Studio à Cocody,studio,Abidjan,Cocody,40,0,1,1,220000
Studio à Adjamé,studio,Abidjan,Adjamé,29,0,1,1,60000
Villa à Marcory,villa,Abidjan,Marcory,182,5,2,4,1150000
Maison à Plateau,maison,Abidjan,Plateau,123,4,1,4,755000
Villa à Adjamé,villa,Abidjan,Adjamé,399,6,1,6,1505000
Villa à Marcory,villa,Abidjan,Marcory,156,5,2,4,960000
Maison à Treichville,maison,Abidjan,Treichville,110,3,1,2,455000
Appartement à Yopougon,appartement,Abidjan,Yopougon,70,3,1,2,155000
Appartement à Treichville,appartement,Abidjan,Treichville,48,2,1,1,150000
Maison à Cocody,maison,Abidjan,Cocody,159,6,2,6,875000
Appartement à Bingerville,appartement,Abidjan,Bingerville,119,4,1,4,355000
Maison à Port-Bouët,maison,Abidjan,Port-Bouët,150,6,1,5,490000
Maison à Treichville,maison,Abidjan,Treichville,81,4,1,4,320000
Appartement à Adjamé,appartement,Abidjan,Adjamé,91,4,1,4,230000
Maison à Koumassi,maison,Abidjan,Koumassi,101,3,1,2,295000
Villa à Koumassi,villa,Abidjan,Koumassi,328,6,1,6,1270000
Appartement à Port-Bouët,appartement,Abidjan,Port-Bouët,123,4,1,3,315000
Maison à Plateau,maison,Abidjan,Plateau,143,5,1,4,995000
Maison à Abobo,maison,Abidjan,Abobo,189,6,2,6,420000
Studio à Marcory,studio,Abidjan,Marcory,27,0,1,1,100000
Maison à Abobo,maison,Abidjan,Abobo,93,3,1,2,170000
Appartement à Treichville,appartement,Abidjan,Treichville,48,1,1,1,180000
Studio à Abobo,studio,Abidjan,Abobo,32,0,1,1,55000
Appartement à Abobo,appartement,Abidjan,Abobo,136,6,1,5,260000
Studio à Marcory,studio,Abidjan,Marcory,21,0,1,1,85000
Appartement à Treichville,appartement,Abidjan,Treichville,134,5,1,5,500000
Villa à Cocody,villa,Abidjan,Cocody,184,6,2,5,1470000
Villa à Adjamé,villa,Abidjan,Adjamé,362,6,1,5,1150000
Maison à Treichville,maison,Abidjan,Treichville,203,6,1,5,805000
Appartement à Bingerville,appartement,Abidjan,Bingerville,79,3,1,2,280000
Appartement à Cocody,appartement,Abidjan,Cocody,64,2,1,1,335000
Studio à Treichville,studio,Abidjan,Treichville,31,0,1,1,100000
Villa à Adjamé,villa,Abidjan,Adjamé,256,6,1,5,795000
Studio à Abobo,studio,Abidjan,Abobo,36,0,1,1,60000
Maison à Plateau,maison,Abidjan,Plateau,146,6,1,5,970000
Appartement à Adjamé,appartement,Abidjan,Adjamé,107,4,1,3,230000
Villa à Plateau,villa,Abidjan,Plateau,236,6,1,5,2225000
Studio à Abobo,studio,Abidjan,Abobo,30,0,1,1,55000
Studio à Plateau,studio,Abidjan,Plateau,38,0,1,1,200000
Appartement à Yopougon,appartement,Abidjan,Yopougon,51,2,1,1,110000
Maison à Yopougon,maison,Abidjan,Yopougon,156,6,2,5,400000
Villa à Cocody,villa,Abidjan,Cocody,154,4,2,4,1210000
Studio à Plateau,studio,Abidjan,Plateau,25,0,1,1,120000
Appartement à Plateau,appartement,Abidjan,Plateau,75,2,1,1,420000
Appartement à Abobo,appartement,Abidjan,Abobo,104,3,1,2,170000
Studio à Abobo,studio,Abidjan,Abobo,23,0,1,1,45000
Studio à Cocody,studio,Abidjan,Cocody,27,0,1,1,135000
Villa à Port-Bouët,villa,Abidjan,Port-Bouët,391,6,1,6,1310000
Studio à Bingerville,studio,Abidjan,Bingerville,36,0,1,1,120000
Villa à Koumassi,villa,Abidjan,Koumassi,319,6,1,5,1050000
Villa à Port-Bouët,villa,Abidjan,Port-Bouët,177,6,2,5,695000
Appartement à Port-Bouët,appartement,Abidjan,Port-Bouët,138,5,1,4,350000
Maison à Abobo,maison,Abidjan,Abobo,152,5,1,4,355000
Villa à Treichville,villa,Abidjan,Treichville,295,6,2,6,1555000
Appartement à Koumassi,appartement,Abidjan,Koumassi,107,4,1,3,305000
Maison à Koumassi,maison,Abidjan,Koumassi,140,4,1,4,360000
Villa à Port-Bouët,villa,Abidjan,Port-Bouët,292,6,2,5,1065000
Studio à Plateau,studio,Abidjan,Plateau,27,0,1,1,135000
Maison à Treichville,maison,Abidjan,Treichville,218,6,2,5,865000
Maison à Adjamé,maison,Abidjan,Adjamé,160,6,2,5,375000
Appartement à Cocody,appartement,Abidjan,Cocody,85,2,1,2,390000
Maison à Yopougon,maison,Abidjan,Yopougon,220,6,1,6,590000
Appartement à Koumassi,appartement,Abidjan,Koumassi,83,2,1,2,195000
Maison à Plateau,maison,Abidjan,Plateau,102,4,1,4,725000
Maison à Abobo,maison,Abidjan,Abobo,190,6,2,5,370000
Maison à Plateau,maison,Abidjan,Plateau,192,5,1,4,1225000
Studio à Abobo,studio,Abidjan,Abobo,22,0,1,1,35000
Maison à Abobo,maison,Abidjan,Abobo,91,3,1,3,190000
Appartement à Port-Bouët,appartement,Abidjan,Port-Bouët,111,5,1,4,320000
Villa à Bingerville,villa,Abidjan,Bingerville,228,6,1,6,1175000
Studio à Bingerville,studio,Abidjan,Bingerville,23,0,1,1,65000
Studio à Adjamé,studio,Abidjan,Adjamé,23,0,1,1,40000
Villa à Yopougon,villa,Abidjan,Yopougon,224,6,1,5,845000
Studio à Yopougon,studio,Abidjan,Yopougon,39,0,1,1,80000
Appartement à Bingerville,appartement,Abidjan,Bingerville,99,2,1,2,330000
Appartement à Bingerville,appartement,Abidjan,Bingerville,54,1,1,1,180000
Maison à Abobo,maison,Abidjan,Abobo,182,5,2,4,405000
Villa à Bingerville,villa,Abidjan,Bingerville,262,6,1,5,1355000
Maison à Abobo,maison,Abidjan,Abobo,76,2,1,2,170000
Studio à Abobo,studio,Abidjan,Abobo,39,0,1,1,75000
Studio à Abobo,studio,Abidjan,Abobo,23,0,1,1,40000
Maison à Yopougon,maison,Abidjan,Yopougon,116,5,1,4,360000
Maison à Yopougon,maison,Abidjan,Yopougon,174,6,2,6,550000
Villa à Koumassi,villa,Abidjan,Koumassi,327,6,2,5,1380000
Studio à Adjamé,studio,Abidjan,Adjamé,32,0,1,1,60000
Maison à Bingerville,maison,Abidjan,Bingerville,99,4,1,4,385000
Villa à Adjamé,villa,Abidjan,Adjamé,255,6,1,5,850000
Villa à Yopougon,villa,Abidjan,Yopougon,344,6,1,5,1235000
Villa à Bingerville,villa,Abidjan,Bingerville,375,6,1,6,2120000
Appartement à Abobo,appartement,Abidjan,Abobo,135,4,1,3,255000
Villa à Adjamé,villa,Abidjan,Adjamé,173,6,1,5,630000
Villa à Marcory,villa,Abidjan,Marcory,388,6,2,5,2475000
Appartement à Yopougon,appartement,Abidjan,Yopougon,103,3,1,2,220000
Appartement à Abobo,appartement,Abidjan,Abobo,53,2,1,1,90000
Maison à Adjamé,maison,Abidjan,Adjamé,70,2,1,1,175000
Villa à Abobo,villa,Abidjan,Abobo,371,6,2,5,970000
Villa à Adjamé,villa,Abidjan,Adjamé,266,6,1,6,900000
Villa à Treichville,villa,Abidjan,Treichville,161,5,2,4,780000
Villa à Marcory,villa,Abidjan,Marcory,396,6,1,5,2550000
Studio à Yopougon,studio,Abidjan,Yopougon,34,0,1,1,85000
Appartement à Plateau,appartement,Abidjan,Plateau,97,3,1,3,545000
Maison à Bingerville,maison,Abidjan,Bingerville,171,5,2,4,720000
Studio à Yopougon,studio,Abidjan,Yopougon,37,0,1,1,75000
Appartement à Bingerville,appartement,Abidjan,Bingerville,140,4,1,3,525000
Villa à Cocody,villa,Abidjan,Cocody,192,6,1,6,1440000
Maison à Plateau,maison,Abidjan,Plateau,161,5,2,5,980000
Appartement à Port-Bouët,appartement,Abidjan,Port-Bouët,66,2,1,2,165000
Appartement à Port-Bouët,appartement,Abidjan,Port-Bouët,108,4,1,4,275000
Villa à Bingerville,villa,Abidjan,Bingerville,215,6,2,5,1095000
Studio à Marcory,studio,Abidjan,Marcory,32,0,1,1,135000
Maison à Abobo,maison,Abidjan,Abobo,178,6,2,5,350000
Villa à Port-Bouët,villa,Abidjan,Port-Bouët,177,6,2,5,670000
Studio à Bingerville,studio,Abidjan,Bingerville,39,0,1,1,115000
Studio à Plateau,studio,Abidjan,Plateau,37,0,1,1,215000
Appartement à Bingerville,appartement,Abidjan,Bingerville,122,4,1,4,425000
Maison à Abobo,maison,Abidjan,Abobo,105,3,1,3,200000
Studio à Yopougon,studio,Abidjan,Yopougon,36,0,1,1,80000
Studio à Marcory,studio,Abidjan,Marcory,27,0,1,1,95000
Appartement à Port-Bouët,appartement,Abidjan,Port-Bouët,70,2,1,1,165000
Appartement à Bingerville,appartement,Abidjan,Bingerville,77,4,1,3,270000
Studio à Koumassi,studio,Abidjan,Koumassi,32,0,1,1,90000
Appartement à Marcory,appartement,Abidjan,Marcory,131,5,1,4,465000
Studio à Port-Bouët,studio,Abidjan,Port-Bouët,26,0,1,1,60000
Maison à Yopougon,maison,Abidjan,Yopougon,137,6,1,5,335000
Villa à Treichville,villa,Abidjan,Treichville,156,5,1,5,835000
Maison à Yopougon,maison,Abidjan,Yopougon,174,5,1,5,550000
Villa à Bingerville,villa,Abidjan,Bingerville,179,5,1,5,835000
Villa à Koumassi,villa,Abidjan,Koumassi,300,6,2,6,1310000
Villa à Abobo,villa,Abidjan,Abobo,390,6,1,5,975000
Appartement à Yopougon,appartement,Abidjan,Yopougon,91,2,1,1,210000
Studio à Koumassi,studio,Abidjan,Koumassi,30,0,1,1,70000
Villa à Cocody,villa,Abidjan,Cocody,173,6,1,6,1490000
Appartement à Treichville,appartement,Abidjan,Treichville,117,4,1,4,460000
Appartement à Adjamé,appartement,Abidjan,Adjamé,120,4,1,4,255000
Studio à Marcory,studio,Abidjan,Marcory,26,0,1,1,105000
Appartement à Marcory,appartement,Abidjan,Marcory,114,4,1,4,405000
Appartement à Plateau,appartement,Abidjan,Plateau,46,2,1,2,260000
Appartement à Plateau,appartement,Abidjan,Plateau,78,2,1,2,460000
Studio à Adjamé,studio,Abidjan,Adjamé,20,0,1,1,40000
Studio à Koumassi,studio,Abidjan,Koumassi,32,0,1,1,80000
Studio à Abobo,studio,Abidjan,Abobo,39,0,1,1,70000
Studio à Yopougon,studio,Abidjan,Yopougon,19,0,1,1,50000
Villa à Port-Bouët,villa,Abidjan,Port-Bouët,325,6,2,5,1050000
Maison à Cocody,maison,Abidjan,Cocody,107,3,1,3,575000
Maison à Abobo,maison,Abidjan,Abobo,167,6,2,5,315000
Appartement à Cocody,appartement,Abidjan,Cocody,100,4,1,4,525000
Villa à Yopougon,villa,Abidjan,Yopougon,256,6,2,5,855000
Maison à Bingerville,maison,Abidjan,Bingerville,109,5,1,5,365000
Studio à Cocody,studio,Abidjan,Cocody,31,0,1,1,135000
Appartement à Koumassi,appartement,Abidjan,Koumassi,116,3,1,2,310000
Maison à Port-Bouët,maison,Abidjan,Port-Bouët,178,5,2,4,480000
Appartement à Abobo,appartement,Abidjan,Abobo,64,3,1,3,130000
Maison à Koumassi,maison,Abidjan,Koumassi,99,3,1,3,310000
Studio à Adjamé,studio,Abidjan,Adjamé,37,0,1,1,85000
Studio à Bingerville,studio,Abidjan,Bingerville,23,0,1,1,65000
Maison à Bingerville,maison,Abidjan,Bingerville,159,4,1,4,600000
Studio à Port-Bouët,studio,Abidjan,Port-Bouët,22,0,1,1,55000
Studio à Plateau,studio,Abidjan,Plateau,34,0,1,1,165000
Villa à Port-Bouët,villa,Abidjan,Port-Bouët,237,6,2,5,935000
Studio à Abobo,studio,Abidjan,Abobo,19,0,1,1,30000
Studio à Abobo,studio,Abidjan,Abobo,39,0,1,1,60000
Villa à Yopougon,villa,Abidjan,Yopougon,274,6,2,5,890000
Studio à Adjamé,studio,Abidjan,Adjamé,29,0,1,1,60000
Villa à Bingerville,villa,Abidjan,Bingerville,284,6,1,6,1365000
Studio à Abobo,studio,Abidjan,Abobo,18,0,1,1,30000
Appartement à Treichville,appartement,Abidjan,Treichville,77,3,1,2,230000
Villa à Yopougon,villa,Abidjan,Yopougon,194,6,2,6,705000
Studio à Koumassi,studio,Abidjan,Koumassi,30,0,1,1,80000
Villa à Plateau,villa,Abidjan,Plateau,154,6,1,5,1320000
Villa à Abobo,villa,Abidjan,Abobo,331,6,2,6,905000
Appartement à Koumassi,appartement,Abidjan,Koumassi,124,5,1,4,290000
Appartement à Cocody,appartement,Abidjan,Cocody,100,4,1,4,520000
Maison à Bingerville,maison,Abidjan,Bingerville,126,4,1,4,405000
Appartement à Cocody,appartement,Abidjan,Cocody,89,3,1,3,430000
Maison à Marcory,maison,Abidjan,Marcory,120,4,1,4,575000
Appartement à Cocody,appartement,Abidjan,Cocody,125,5,1,4,725000
Villa à Abobo,villa,Abidjan,Abobo,324,6,2,6,895000
Villa à Yopougon,villa,Abidjan,Yopougon,311,6,2,6,1080000
Maison à Cocody,maison,Abidjan,Cocody,188,6,1,6,1125000
Studio à Bingerville,studio,Abidjan,Bingerville,38,0,1,1,130000
Villa à Cocody,villa,Abidjan,Cocody,268,6,2,6,2010000
Appartement à Yopougon,appartement,Abidjan,Yopougon,52,3,1,3,135000
Studio à Koumassi,studio,Abidjan,Koumassi,34,0,1,1,90000
Appartement à Plateau,appartement,Abidjan,Plateau,135,5,1,4,790000
Appartement à Abobo,appartement,Abidjan,Abobo,91,3,1,2,160000
Studio à Koumassi,studio,Abidjan,Koumassi,38,0,1,1,100000
Maison à Cocody,maison,Abidjan,Cocody,94,4,1,3,500000
Appartement à Abobo,appartement,Abidjan,Abobo,87,2,1,2,175000
Villa à Bingerville,villa,Abidjan,Bingerville,183,5,2,4,900000
Appartement à Koumassi,appartement,Abidjan,Koumassi,130,3,1,2,330000
Maison à Plateau,maison,Abidjan,Plateau,149,5,1,5,935000
Appartement à Yopougon,appartement,Abidjan,Yopougon,73,2,1,2,150000
Studio à Cocody,studio,Abidjan,Cocody,39,0,1,1,185000
Appartement à Abobo,appartement,Abidjan,Abobo,121,5,1,5,215000
Appartement à Abobo,appartement,Abidjan,Abobo,137,6,1,6,265000
Villa à Treichville,villa,Abidjan,Treichville,306,6,2,6,1635000
Villa à Bingerville,villa,Abidjan,Bingerville,381,6,2,5,1820000
Villa à Bingerville,villa,Abidjan,Bingerville,278,6,1,6,1500000
Maison à Marcory,maison,Abidjan,Marcory,83,4,1,3,365000
Studio à Cocody,studio,Abidjan,Cocody,27,0,1,1,115000
Maison à Marcory,maison,Abidjan,Marcory,185,6,2,6,980000
Villa à Treichville,villa,Abidjan,Treichville,376,6,1,5,1680000
Maison à Adjamé,maison,Abidjan,Adjamé,130,5,1,5,315000
Maison à Plateau,maison,Abidjan,Plateau,95,3,1,3,530000
Villa à Bingerville,villa,Abidjan,Bingerville,328,6,2,5,1640000
Studio à Cocody,studio,Abidjan,Cocody,26,0,1,1,120000
Villa à Marcory,villa,Abidjan,Marcory,178,6,1,5,915000
Villa à Treichville,villa,Abidjan,Treichville,313,6,1,6,1820000
Studio à Yopougon,studio,Abidjan,Yopougon,38,0,1,1,85000
Appartement à Treichville,appartement,Abidjan,Treichville,82,4,1,4,305000
Villa à Treichville,villa,Abidjan,Treichville,197,6,2,6,1185000
Studio à Adjamé,studio,Abidjan,Adjamé,30,0,1,1,70000
Villa à Plateau,villa,Abidjan,Plateau,245,6,1,5,2230000
Appartement à Koumassi,appartement,Abidjan,Koumassi,138,4,1,3,320000
Maison à Koumassi,maison,Abidjan,Koumassi,114,5,1,4,350000
Studio à Marcory,studio,Abidjan,Marcory,40,0,1,1,160000
Studio à Yopougon,studio,Abidjan,Yopougon,27,0,1,1,55000
Studio à Treichville,studio,Abidjan,Treichville,28,0,1,1,105000
Villa à Adjamé,villa,Abidjan,Adjamé,358,6,2,6,1275000
Maison à Treichville,maison,Abidjan,Treichville,161,4,2,3,550000
Villa à Koumassi,villa,Abidjan,Koumassi,377,6,2,5,1385000
Villa à Marcory,villa,Abidjan,Marcory,327,6,2,5,2065000
Studio à Port-Bouët,studio,Abidjan,Port-Bouët,31,0,1,1,75000
Maison à Marcory,maison,Abidjan,Marcory,152,4,1,3,690000
Villa à Bingerville,villa,Abidjan,Bingerville,304,6,1,5,1405000
Maison à Plateau,maison,Abidjan,Plateau,181,6,1,6,1285000
Maison à Port-Bouët,maison,Abidjan,Port-Bouët,201,6,1,6,665000
Studio à Yopougon,studio,Abidjan,Yopougon,22,0,1,1,45000
Maison à Koumassi,maison,Abidjan,Koumassi,168,5,1,4,565000
Villa à Koumassi,villa,Abidjan,Koumassi,345,6,1,5,1290000
Appartement à Bingerville,appartement,Abidjan,Bingerville,59,1,1,1,180000
Studio à Port-Bouët,studio,Abidjan,Port-Bouët,26,0,1,1,65000
Appartement à Yopougon,appartement,Abidjan,Yopougon,123,4,1,3,270000
Studio à Marcory,studio,Abidjan,Marcory,32,0,1,1,105000
Studio à Yopougon,studio,Abidjan,Yopougon,39,0,1,1,100000
Maison à Koumassi,maison,Abidjan,Koumassi,86,3,1,2,265000
Maison à Marcory,maison,Abidjan,Marcory,200,6,1,6,1015000
Villa à Treichville,villa,Abidjan,Treichville,156,5,2,4,855000
Appartement à Adjamé,appartement,Abidjan,Adjamé,123,3,1,3,255000
Villa à Yopougon,villa,Abidjan,Yopougon,346,6,1,6,1435000
Villa à Cocody,villa,Abidjan,Cocody,269,6,1,6,2305000
Villa à Marcory,villa,Abidjan,Marcory,278,6,1,6,1555000
Maison à Marcory,maison,Abidjan,Marcory,127,4,1,3,605000
Appartement à Bingerville,appartement,Abidjan,Bingerville,126,4,1,4,440000
Studio à Abobo,studio,Abidjan,Abobo,34,0,1,1,60000
Appartement à Abobo,appartement,Abidjan,Abobo,66,2,1,2,130000
Studio à Plateau,studio,Abidjan,Plateau,19,0,1,1,115000
Maison à Abobo,maison,Abidjan,Abobo,123,5,1,5,265000
Maison à Adjamé,maison,Abidjan,Adjamé,147,6,1,6,415000
Maison à Port-Bouët,maison,Abidjan,Port-Bouët,186,5,1,5,530000
Villa à Yopougon,villa,Abidjan,Yopougon,202,6,1,5,795000
Maison à Koumassi,maison,Abidjan,Koumassi,172,6,2,6,505000
Studio à Yopougon,studio,Abidjan,Yopougon,26,0,1,1,60000
Studio à Marcory,studio,Abidjan,Marcory,19,0,1,1,65000
Villa à Port-Bouët,villa,Abidjan,Port-Bouët,213,6,2,5,715000
Villa à Marcory,villa,Abidjan,Marcory,281,6,2,5,1625000
Villa à Cocody,villa,Abidjan,Cocody,279,6,1,6,2270000
Studio à Plateau,studio,Abidjan,Plateau,27,0,1,1,145000
Maison à Yopougon,maison,Abidjan,Yopougon,207,6,1,5,515000
Maison à Bingerville,maison,Abidjan,Bingerville,173,6,1,5,570000
Appartement à Adjamé,appartement,Abidjan,Adjamé,91,3,1,3,190000
Maison à Yopougon,maison,Abidjan,Yopougon,100,3,1,3,255000
Maison à Koumassi,maison,Abidjan,Koumassi,106,4,1,3,305000
Studio à Plateau,studio,Abidjan,Plateau,22,0,1,1,125000
Villa à Yopougon,villa,Abidjan,Yopougon,188,6,2,5,600000
Maison à Abobo,maison,Abidjan,Abobo,156,6,2,5,365000
Maison à Koumassi,maison,Abidjan,Koumassi,98,4,1,3,305000
Villa à Plateau,villa,Abidjan,Plateau,217,6,1,5,1635000
Villa à Abobo,villa,Abidjan,Abobo,187,6,1,6,475000
Maison à Yopougon,maison,Abidjan,Yopougon,177,6,2,6,490000
Villa à Abobo,villa,Abidjan,Abobo,373,6,1,6,1065000
Villa à Yopougon,villa,Abidjan,Yopougon,230,6,2,5,825000
Villa à Bingerville,villa,Abidjan,Bingerville,199,6,2,5,880000
Maison à Bingerville,maison,Abidjan,Bingerville,123,5,1,4,450000
Maison à Adjamé,maison,Abidjan,Adjamé,143,4,1,3,385000
Maison à Port-Bouët,maison,Abidjan,Port-Bouët,107,4,1,4,285000
Maison à Cocody,maison,Abidjan,Cocody,183,6,2,6,1040000
Maison à Adjamé,maison,Abidjan,Adjamé,213,6,1,6,570000
Appartement à Abobo,appartement,Abidjan,Abobo,76,2,1,2,145000
Studio à Plateau,studio,Abidjan,Plateau,31,0,1,1,160000
Studio à Yopougon,studio,Abidjan,Yopougon,39,0,1,1,95000
Appartement à Plateau,appartement,Abidjan,Plateau,97,4,1,3,575000
Maison à Bingerville,maison,Abidjan,Bingerville,143,4,1,4,555000
Studio à Treichville,studio,Abidjan,Treichville,23,0,1,1,75000
Studio à Marcory,studio,Abidjan,Marcory,30,0,1,1,120000
Maison à Marcory,maison,Abidjan,Marcory,79,2,1,1,330000
Maison à Cocody,maison,Abidjan,Cocody,142,6,1,5,965000
Villa à Marcory,villa,Abidjan,Marcory,219,6,1,5,1140000
Maison à Yopougon,maison,Abidjan,Yopougon,117,3,1,2,325000
Appartement à Abobo,appartement,Abidjan,Abobo,67,3,1,2,120000
Villa à Cocody,villa,Abidjan,Cocody,321,6,1,6,2530000
Studio à Treichville,studio,Abidjan,Treichville,26,0,1,1,85000
Maison à Yopougon,maison,Abidjan,Yopougon,154,5,1,4,435000
Studio à Treichville,studio,Abidjan,Treichville,39,0,1,1,115000
Appartement à Bingerville,appartement,Abidjan,Bingerville,96,3,1,3,325000
Maison à Bingerville,maison,Abidjan,Bingerville,126,4,1,4,465000
Maison à Yopougon,maison,Abidjan,Yopougon,176,6,1,6,530000
Studio à Abobo,studio,Abidjan,Abobo,34,0,1,1,60000
Studio à Koumassi,studio,Abidjan,Koumassi,36,0,1,1,80000
Appartement à Adjamé,appartement,Abidjan,Adjamé,118,4,1,4,250000
Villa à Adjamé,villa,Abidjan,Adjamé,179,6,2,6,660000
Studio à Yopougon,studio,Abidjan,Yopougon,32,0,1,1,65000
Villa à Port-Bouët,villa,Abidjan,Port-Bouët,294,6,2,5,1160000
Maison à Port-Bouët,maison,Abidjan,Port-Bouët,70,2,1,2,160000
Studio à Koumassi,studio,Abidjan,Koumassi,35,0,1,1,100000
Villa à Cocody,villa,Abidjan,Cocody,158,5,2,5,1320000
Maison à Port-Bouët,maison,Abidjan,Port-Bouët,167,6,2,5,425000
Appartement à Adjamé,appartement,Abidjan,Adjamé,128,4,1,4,260000
Villa à Adjamé,villa,Abidjan,Adjamé,285,6,1,6,1015000
Villa à Bingerville,villa,Abidjan,Bingerville,322,6,2,6,1475000
Appartement à Koumassi,appartement,Abidjan,Koumassi,80,3,1,3,180000
Studio à Port-Bouët,studio,Abidjan,Port-Bouët,25,0,1,1,55000
Studio à Cocody,studio,Abidjan,Cocody,32,0,1,1,165000
Appartement à Plateau,appartement,Abidjan,Plateau,139,4,1,3,775000
Appartement à Adjamé,appartement,Abidjan,Adjamé,52,2,1,1,100000
Maison à Abobo,maison,Abidjan,Abobo,217,6,1,5,520000
Appartement à Adjamé,appartement,Abidjan,Adjamé,97,3,1,2,180000
Appartement à Abobo,appartement,Abidjan,Abobo,125,5,1,4,205000
Villa à Koumassi,villa,Abidjan,Koumassi,351,6,2,5,1215000
Appartement à Port-Bouët,appartement,Abidjan,Port-Bouët,113,5,1,5,330000
Appartement à Bingerville,appartement,Abidjan,Bingerville,104,2,1,1,365000
Appartement à Adjamé,appartement,Abidjan,Adjamé,94,3,1,2,180000
Villa à Cocody,villa,Abidjan,Cocody,366,6,1,6,2510000
Studio à Port-Bouët,studio,Abidjan,Port-Bouët,20,0,1,1,45000
Appartement à Abobo,appartement,Abidjan,Abobo,106,4,1,3,185000
Appartement à Plateau,appartement,Abidjan,Plateau,69,1,1,1,415000
Appartement à Abobo,appartement,Abidjan,Abobo,95,3,1,2,185000
Villa à Port-Bouët,villa,Abidjan,Port-Bouët,286,6,2,5,1015000
Villa à Yopougon,villa,Abidjan,Yopougon,175,6,2,6,610000
Studio à Port-Bouët,studio,Abidjan,Port-Bouët,36,0,1,1,95000
Studio à Marcory,studio,Abidjan,Marcory,26,0,1,1,100000
Villa à Abobo,villa,Abidjan,Abobo,225,6,1,5,565000
Appartement à Abobo,appartement,Abidjan,Abobo,108,4,1,3,215000
Villa à Yopougon,villa,Abidjan,Yopougon,267,6,2,6,865000
Villa à Adjamé,villa,Abidjan,Adjamé,197,6,1,6,740000
Studio à Plateau,studio,Abidjan,Plateau,31,0,1,1,150000
Studio à Treichville,studio,Abidjan,Treichville,40,0,1,1,120000
Villa à Treichville,villa,Abidjan,Treichville,245,6,2,5,1080000
Villa à Adjamé,villa,Abidjan,Adjamé,153,4,2,3,400000
Appartement à Port-Bouët,appartement,Abidjan,Port-Bouët,58,1,1,1,125000
Maison à Abobo,maison,Abidjan,Abobo,160,5,2,5,330000
Villa à Port-Bouët,villa,Abidjan,Port-Bouët,294,6,1,5,1150000
Studio à Cocody,studio,Abidjan,Cocody,20,0,1,1,95000
Villa à Port-Bouët,villa,Abidjan,Port-Bouët,164,4,1,4,590000
Maison à Port-Bouët,maison,Abidjan,Port-Bouët,214,6,1,6,585000
Villa à Abobo,villa,Abidjan,Abobo,219,6,1,5,670000
Studio à Abobo,studio,Abidjan,Abobo,23,0,1,1,45000
Studio à Koumassi,studio,Abidjan,Koumassi,24,0,1,1,60000
Studio à Port-Bouët,studio,Abidjan,Port-Bouët,27,0,1,1,55000
Villa à Treichville,villa,Abidjan,Treichville,323,6,2,6,1855000
Maison à Cocody,maison,Abidjan,Cocody,83,2,1,1,415000
Maison à Cocody,maison,Abidjan,Cocody,171,6,1,5,1125000
Villa à Yopougon,villa,Abidjan,Yopougon,208,6,2,5,665000
Villa à Abobo,villa,Abidjan,Abobo,171,6,1,6,420000
Villa à Marcory,villa,Abidjan,Marcory,332,6,2,5,1845000
Studio à Cocody,studio,Abidjan,Cocody,27,0,1,1,130000
Studio à Bingerville,studio,Abidjan,Bingerville,22,0,1,1,60000
Villa à Port-Bouët,villa,Abidjan,Port-Bouët,292,6,1,6,975000
Studio à Adjamé,studio,Abidjan,Adjamé,37,0,1,1,80000
Villa à Koumassi,villa,Abidjan,Koumassi,153,5,2,4,625000
Appartement à Adjamé,appartement,Abidjan,Adjamé,118,4,1,3,230000
Maison à Bingerville,maison,Abidjan,Bingerville,138,6,1,6,465000
Maison à Port-Bouët,maison,Abidjan,Port-Bouët,177,6,2,6,505000
Villa à Treichville,villa,Abidjan,Treichville,302,6,2,6,1420000
Villa à Plateau,villa,Abidjan,Plateau,235,6,2,5,1870000
Appartement à Abobo,appartement,Abidjan,Abobo,83,3,1,3,155000
Villa à Marcory,villa,Abidjan,Marcory,397,6,2,5,2625000
Maison à Treichville,maison,Abidjan,Treichville,166,6,2,5,595000
Appartement à Abobo,appartement,Abidjan,Abobo,120,4,1,4,260000
Appartement à Yopougon,appartement,Abidjan,Yopougon,101,3,1,3,265000
Villa à Port-Bouët,villa,Abidjan,Port-Bouët,185,6,1,5,720000
Villa à Port-Bouët,villa,Abidjan,Port-Bouët,168,6,2,5,630000
Studio à Port-Bouët,studio,Abidjan,Port-Bouët,29,0,1,1,75000
Studio à Adjamé,studio,Abidjan,Adjamé,21,0,1,1,45000
Appartement à Koumassi,appartement,Abidjan,Koumassi,127,3,1,2,370000
Villa à Koumassi,villa,Abidjan,Koumassi,177,5,1,4,610000
Appartement à Adjamé,appartement,Abidjan,Adjamé,102,3,1,2,215000
Appartement à Abobo,appartement,Abidjan,Abobo,89,2,1,1,135000
Studio à Port-Bouët,studio,Abidjan,Port-Bouët,21,0,1,1,55000
Maison à Marcory,maison,Abidjan,Marcory,149,5,1,4,715000
Villa à Adjamé,villa,Abidjan,Adjamé,239,6,1,5,820000
Maison à Yopougon,maison,Abidjan,Yopougon,87,3,1,3,250000
Studio à Cocody,studio,Abidjan,Cocody,28,0,1,1,145000
Appartement à Marcory,appartement,Abidjan,Marcory,111,4,1,4,425000
Villa à Port-Bouët,villa,Abidjan,Port-Bouët,209,6,1,6,830000
Villa à Port-Bouët,villa,Abidjan,Port-Bouët,157,5,2,4,545000
Appartement à Treichville,appartement,Abidjan,Treichville,80,2,1,2,295000
Appartement à Adjamé,appartement,Abidjan,Adjamé,91,3,1,3,195000
Villa à Bingerville,villa,Abidjan,Bingerville,285,6,2,5,1410000
Maison à Koumassi,maison,Abidjan,Koumassi,187,6,2,6,615000
Studio à Koumassi,studio,Abidjan,Koumassi,25,0,1,1,60000
Maison à Marcory,maison,Abidjan,Marcory,106,5,1,4,485000
Villa à Abobo,villa,Abidjan,Abobo,258,6,2,6,735000
Maison à Yopougon,maison,Abidjan,Yopougon,105,4,1,3,305000
Studio à Abobo,studio,Abidjan,Abobo,29,0,1,1,60000
Appartement à Yopougon,appartement,Abidjan,Yopougon,69,3,1,2,155000
Villa à Yopougon,villa,Abidjan,Yopougon,331,6,2,6,1050000
Appartement à Plateau,appartement,Abidjan,Plateau,82,2,1,1,405000
Appartement à Bingerville,appartement,Abidjan,Bingerville,103,4,1,4,355000
Maison à Bingerville,maison,Abidjan,Bingerville,208,6,2,6,930000
Appartement à Cocody,appartement,Abidjan,Cocody,83,2,1,1,380000
Villa à Cocody,villa,Abidjan,Cocody,371,6,1,6,3215000
Maison à Abobo,maison,Abidjan,Abobo,179,6,1,6,430000
Maison à Plateau,maison,Abidjan,Plateau,206,6,1,5,1550000
Maison à Bingerville,maison,Abidjan,Bingerville,216,6,1,6,960000
Studio à Port-Bouët,studio,Abidjan,Port-Bouët,26,0,1,1,70000
Appartement à Marcory,appartement,Abidjan,Marcory,76,3,1,2,320000
Villa à Port-Bouët,villa,Abidjan,Port-Bouët,186,6,2,5,680000
Villa à Cocody,villa,Abidjan,Cocody,281,6,2,5,2465000
Studio à Koumassi,studio,Abidjan,Koumassi,20,0,1,1,55000
Maison à Yopougon,maison,Abidjan,Yopougon,86,4,1,4,265000
Villa à Treichville,villa,Abidjan,Treichville,218,6,2,5,1140000
Villa à Marcory,villa,Abidjan,Marcory,351,6,1,6,1835000
Studio à Yopougon,studio,Abidjan,Yopougon,21,0,1,1,55000
Villa à Marcory,villa,Abidjan,Marcory,266,6,2,6,1815000
Maison à Marcory,maison,Abidjan,Marcory,110,4,1,4,510000
Studio à Bingerville,studio,Abidjan,Bingerville,29,0,1,1,95000
Studio à Marcory,studio,Abidjan,Marcory,30,0,1,1,115000
Villa à Treichville,villa,Abidjan,Treichville,317,6,1,6,1530000
Appartement à Cocody,appartement,Abidjan,Cocody,120,4,1,3,535000
Studio à Koumassi,studio,Abidjan,Koumassi,31,0,1,1,80000
Studio à Yopougon,studio,Abidjan,Yopougon,25,0,1,1,55000
Studio à Cocody,studio,Abidjan,Cocody,28,0,1,1,135000
Appartement à Bingerville,appartement,Abidjan,Bingerville,93,3,1,3,265000
Studio à Abobo,studio,Abidjan,Abobo,37,0,1,1,70000
Maison à Yopougon,maison,Abidjan,Yopougon,124,4,1,3,340000
Appartement à Yopougon,appartement,Abidjan,Yopougon,56,1,1,1,135000
Villa à Abobo,villa,Abidjan,Abobo,239,6,2,6,620000
Appartement à Cocody,appartement,Abidjan,Cocody,115,4,1,4,685000
Appartement à Bingerville,appartement,Abidjan,Bingerville,111,4,1,3,340000
Appartement à Plateau,appartement,Abidjan,Plateau,108,5,1,5,595000
Studio à Abobo,studio,Abidjan,Abobo,34,0,1,1,65000
Maison à Plateau,maison,Abidjan,Plateau,151,5,2,4,930000
Villa à Marcory,villa,Abidjan,Marcory,394,6,1,6,2000000
Studio à Treichville,studio,Abidjan,Treichville,19,0,1,1,70000
Maison à Port-Bouët,maison,Abidjan,Port-Bouët,198,6,2,5,505000
Appartement à Adjamé,appartement,Abidjan,Adjamé,80,2,1,1,145000
Appartement à Treichville,appartement,Abidjan,Treichville,113,4,1,3,405000
Maison à Cocody,maison,Abidjan,Cocody,181,6,1,6,990000
Studio à Port-Bouët,studio,Abidjan,Port-Bouët,32,0,1,1,80000
Maison à Plateau,maison,Abidjan,Plateau,114,3,1,3,755000
Appartement à Plateau,appartement,Abidjan,Plateau,108,4,1,3,550000
Maison à Marcory,maison,Abidjan,Marcory,100,2,1,1,445000
Studio à Bingerville,studio,Abidjan,Bingerville,26,0,1,1,85000
Studio à Abobo,studio,Abidjan,Abobo,33,0,1,1,55000
Studio à Koumassi,studio,Abidjan,Koumassi,33,0,1,1,90000
Maison à Marcory,maison,Abidjan,Marcory,110,4,1,4,545000
Appartement à Cocody,appartement,Abidjan,Cocody,139,4,1,4,830000
Appartement à Plateau,appartement,Abidjan,Plateau,50,3,1,2,265000
Appartement à Marcory,appartement,Abidjan,Marcory,49,3,1,3,180000
Maison à Port-Bouët,maison,Abidjan,Port-Bouët,139,4,1,3,340000
Appartement à Plateau,appartement,Abidjan,Plateau,73,1,1,1,340000
Maison à Yopougon,maison,Abidjan,Yopougon,149,5,1,5,420000
Maison à Plateau,maison,Abidjan,Plateau,121,4,1,3,810000
Villa à Treichville,villa,Abidjan,Treichville,244,6,1,6,1155000
Studio à Port-Bouët,studio,Abidjan,Port-Bouët,25,0,1,1,60000
Maison à Plateau,maison,Abidjan,Plateau,70,3,1,2,375000
Appartement à Adjamé,appartement,Abidjan,Adjamé,98,4,1,4,250000
Maison à Marcory,maison,Abidjan,Marcory,93,2,1,2,435000
Villa à Adjamé,villa,Abidjan,Adjamé,329,6,2,6,1115000
Appartement à Adjamé,appartement,Abidjan,Adjamé,126,5,1,5,300000
Villa à Plateau,villa,Abidjan,Plateau,319,6,1,5,2480000
Villa à Koumassi,villa,Abidjan,Koumassi,329,6,2,5,1185000
Appartement à Cocody,appartement,Abidjan,Cocody,62,1,1,1,270000
Villa à Yopougon,villa,Abidjan,Yopougon,230,6,1,5,930000
Villa à Treichville,villa,Abidjan,Treichville,228,6,2,6,1055000
Studio à Bingerville,studio,Abidjan,Bingerville,24,0,1,1,80000
Appartement à Koumassi,appartement,Abidjan,Koumassi,56,2,1,1,135000
Maison à Plateau,maison,Abidjan,Plateau,136,5,1,5,1015000
Appartement à Yopougon,appartement,Abidjan,Yopougon,57,3,1,3,150000
Studio à Marcory,studio,Abidjan,Marcory,18,0,1,1,60000
Appartement à Treichville,appartement,Abidjan,Treichville,70,3,1,2,250000
Maison à Cocody,maison,Abidjan,Cocody,89,2,1,2,455000
Appartement à Yopougon,appartement,Abidjan,Yopougon,56,2,1,2,115000
Studio à Yopougon,studio,Abidjan,Yopougon,23,0,1,1,60000
Villa à Port-Bouët,villa,Abidjan,Port-Bouët,277,6,2,5,925000
Appartement à Treichville,appartement,Abidjan,Treichville,80,3,1,2,305000
Appartement à Plateau,appartement,Abidjan,Plateau,127,4,1,3,700000
Villa à Adjamé,villa,Abidjan,Adjamé,165,5,2,4,460000
Appartement à Treichville,appartement,Abidjan,Treichville,125,3,1,2,460000
Villa à Koumassi,villa,Abidjan,Koumassi,289,6,2,5,1080000
Studio à Marcory,studio,Abidjan,Marcory,28,0,1,1,105000
Maison à Plateau,maison,Abidjan,Plateau,84,4,1,3,565000
Appartement à Treichville,appartement,Abidjan,Treichville,57,2,1,2,180000
Appartement à Plateau,appartement,Abidjan,Plateau,118,5,1,4,775000
Appartement à Marcory,appartement,Abidjan,Marcory,75,2,1,1,315000
Maison à Plateau,maison,Abidjan,Plateau,215,6,1,5,1430000
Villa à Marcory,villa,Abidjan,Marcory,159,4,1,4,925000
Villa à Plateau,villa,Abidjan,Plateau,150,5,1,5,1195000
Maison à Marcory,maison,Abidjan,Marcory,85,2,1,2,365000
Studio à Marcory,studio,Abidjan,Marcory,34,0,1,1,140000
Maison à Cocody,maison,Abidjan,Cocody,171,5,2,4,955000
Villa à Marcory,villa,Abidjan,Marcory,352,6,2,6,2225000
Maison à Adjamé,maison,Abidjan,Adjamé,127,4,1,3,285000
Appartement à Bingerville,appartement,Abidjan,Bingerville,67,1,1,1,230000
Studio à Abobo,studio,Abidjan,Abobo,23,0,1,1,40000
Appartement à Abobo,appartement,Abidjan,Abobo,126,3,1,2,205000
Appartement à Cocody,appartement,Abidjan,Cocody,89,3,1,3,485000
Maison à Cocody,maison,Abidjan,Cocody,184,5,2,5,1035000
Maison à Cocody,maison,Abidjan,Cocody,135,3,1,3,670000
Villa à Yopougon,villa,Abidjan,Yopougon,398,6,2,5,1570000
Villa à Koumassi,villa,Abidjan,Koumassi,175,6,1,6,685000
Maison à Plateau,maison,Abidjan,Plateau,75,2,1,1,500000
Maison à Cocody,maison,Abidjan,Cocody,113,5,1,5,735000
Studio à Adjamé,studio,Abidjan,Adjamé,28,0,1,1,60000
Villa à Abobo,villa,Abidjan,Abobo,330,6,2,6,955000
Appartement à Port-Bouët,appartement,Abidjan,Port-Bouët,51,1,1,1,110000
Villa à Treichville,villa,Abidjan,Treichville,328,6,2,5,1555000
Villa à Plateau,villa,Abidjan,Plateau,296,6,1,6,2435000
Studio à Port-Bouët,studio,Abidjan,Port-Bouët,27,0,1,1,70000
Villa à Abobo,villa,Abidjan,Abobo,201,6,1,6,510000
Studio à Bingerville,studio,Abidjan,Bingerville,33,0,1,1,110000
Villa à Bingerville,villa,Abidjan,Bingerville,270,6,2,6,1395000
Appartement à Port-Bouët,appartement,Abidjan,Port-Bouët,92,4,1,3,210000
Maison à Plateau,maison,Abidjan,Plateau,182,6,2,6,1355000
Studio à Abobo,studio,Abidjan,Abobo,22,0,1,1,40000
Studio à Cocody,studio,Abidjan,Cocody,39,0,1,1,185000
Villa à Adjamé,villa,Abidjan,Adjamé,398,6,1,5,1405000
Villa à Port-Bouët,villa,Abidjan,Port-Bouët,296,6,2,5,960000
Appartement à Plateau,appartement,Abidjan,Plateau,60,3,1,3,385000
Appartement à Marcory,appartement,Abidjan,Marcory,69,2,1,2,255000
Appartement à Port-Bouët,appartement,Abidjan,Port-Bouët,125,4,1,3,295000
Studio à Cocody,studio,Abidjan,Cocody,30,0,1,1,150000
Maison à Adjamé,maison,Abidjan,Adjamé,140,6,1,6,395000
Villa à Abobo,villa,Abidjan,Abobo,178,6,1,6,510000
Studio à Abobo,studio,Abidjan,Abobo,21,0,1,1,35000
Maison à Cocody,maison,Abidjan,Cocody,207,6,2,5,1215000
Villa à Yopougon,villa,Abidjan,Yopougon,159,5,2,4,490000
Villa à Abobo,villa,Abidjan,Abobo,159,6,2,6,385000
Maison à Yopougon,maison,Abidjan,Yopougon,165,5,2,4,420000
Studio à Yopougon,studio,Abidjan,Yopougon,25,0,1,1,50000
Maison à Yopougon,maison,Abidjan,Yopougon,138,6,1,6,355000
Villa à Treichville,villa,Abidjan,Treichville,339,6,2,6,1800000
Studio à Marcory,studio,Abidjan,Marcory,27,0,1,1,105000
Appartement à Port-Bouët,appartement,Abidjan,Port-Bouët,112,3,1,3,255000
Studio à Treichville,studio,Abidjan,Treichville,25,0,1,1,70000
Maison à Plateau,maison,Abidjan,Plateau,120,4,1,3,820000
Villa à Adjamé,villa,Abidjan,Adjamé,312,6,1,6,990000
Villa à Abobo,villa,Abidjan,Abobo,195,6,2,5,480000
Studio à Bingerville,studio,Abidjan,Bingerville,27,0,1,1,70000
Appartement à Plateau,appartement,Abidjan,Plateau,118,4,1,4,720000
Maison à Treichville,maison,Abidjan,Treichville,174,5,1,4,770000
Studio à Marcory,studio,Abidjan,Marcory,25,0,1,1,85000
Maison à Bingerville,maison,Abidjan,Bingerville,178,6,2,5,625000
Maison à Yopougon,maison,Abidjan,Yopougon,203,6,1,6,580000
Maison à Koumassi,maison,Abidjan,Koumassi,146,4,1,3,365000
Maison à Bingerville,maison,Abidjan,Bingerville,140,5,1,4,470000
Appartement à Adjamé,appartement,Abidjan,Adjamé,52,3,1,2,115000
Villa à Plateau,villa,Abidjan,Plateau,225,6,2,5,1820000
Appartement à Plateau,appartement,Abidjan,Plateau,88,3,1,2,545000
Maison à Koumassi,maison,Abidjan,Koumassi,113,4,1,3,285000
Maison à Marcory,maison,Abidjan,Marcory,213,6,2,6,910000
Maison à Treichville,maison,Abidjan,Treichville,177,6,2,5,735000
Studio à Yopougon,studio,Abidjan,Yopougon,33,0,1,1,65000
Studio à Abobo,studio,Abidjan,Abobo,33,0,1,1,65000
Studio à Adjamé,studio,Abidjan,Adjamé,39,0,1,1,75000
Villa à Bingerville,villa,Abidjan,Bingerville,163,5,1,5,750000
Villa à Abobo,villa,Abidjan,Abobo,186,6,1,6,520000
Maison à Marcory,maison,Abidjan,Marcory,84,2,1,1,320000
Appartement à Marcory,appartement,Abidjan,Marcory,107,3,1,3,435000
Villa à Port-Bouët,villa,Abidjan,Port-Bouët,259,6,2,6,850000
Maison à Treichville,maison,Abidjan,Treichville,73,2,1,2,235000
Appartement à Plateau,appartement,Abidjan,Plateau,73,2,1,1,345000
Maison à Port-Bouët,maison,Abidjan,Port-Bouët,112,3,1,3,290000
Villa à Bingerville,villa,Abidjan,Bingerville,336,6,2,6,1585000
Maison à Yopougon,maison,Abidjan,Yopougon,118,4,1,3,265000
Appartement à Treichville,appartement,Abidjan,Treichville,72,1,1,1,210000
Villa à Plateau,villa,Abidjan,Plateau,374,6,1,6,3370000
Studio à Plateau,studio,Abidjan,Plateau,40,0,1,1,190000
Villa à Yopougon,villa,Abidjan,Yopougon,181,6,2,6,600000
Maison à Plateau,maison,Abidjan,Plateau,177,5,2,5,1135000
Studio à Cocody,studio,Abidjan,Cocody,27,0,1,1,120000
Villa à Cocody,villa,Abidjan,Cocody,200,6,2,6,1520000
Maison à Port-Bouët,maison,Abidjan,Port-Bouët,111,3,1,2,335000
Maison à Yopougon,maison,Abidjan,Yopougon,130,3,1,3,360000
Villa à Cocody,villa,Abidjan,Cocody,188,5,1,5,1630000
Villa à Treichville,villa,Abidjan,Treichville,400,6,2,5,1785000
Studio à Marcory,studio,Abidjan,Marcory,27,0,1,1,95000
Villa à Koumassi,villa,Abidjan,Koumassi,339,6,1,6,1145000
Appartement à Marcory,appartement,Abidjan,Marcory,87,3,1,2,375000
Studio à Bingerville,studio,Abidjan,Bingerville,29,0,1,1,100000
Studio à Marcory,studio,Abidjan,Marcory,30,0,1,1,110000
Maison à Yopougon,maison,Abidjan,Yopougon,168,6,2,6,425000
Appartement à Plateau,appartement,Abidjan,Plateau,58,3,1,2,350000
Appartement à Yopougon,appartement,Abidjan,Yopougon,123,5,1,4,315000
Villa à Marcory,villa,Abidjan,Marcory,385,6,1,5,2190000
Maison à Cocody,maison,Abidjan,Cocody,150,4,1,3,870000
Studio à Abobo,studio,Abidjan,Abobo,31,0,1,1,55000
Villa à Treichville,villa,Abidjan,Treichville,238,6,1,6,1075000
Villa à Marcory,villa,Abidjan,Marcory,368,6,1,6,2355000
Appartement à Koumassi,appartement,Abidjan,Koumassi,87,3,1,3,230000
Villa à Adjamé,villa,Abidjan,Adjamé,253,6,1,5,800000
Villa à Abobo,villa,Abidjan,Abobo,172,6,2,5,415000
Studio à Yopougon,studio,Abidjan,Yopougon,21,0,1,1,45000
Studio à Plateau,studio,Abidjan,Plateau,20,0,1,1,115000
Maison à Abobo,maison,Abidjan,Abobo,200,6,2,5,410000
Appartement à Plateau,appartement,Abidjan,Plateau,103,3,1,2,605000
Villa à Koumassi,villa,Abidjan,Koumassi,179,5,1,5,660000
Maison à Bingerville,maison,Abidjan,Bingerville,97,2,1,2,340000
Studio à Port-Bouët,studio,Abidjan,Port-Bouët,26,0,1,1,65000
Studio à Treichville,studio,Abidjan,Treichville,30,0,1,1,90000
Maison à Treichville,maison,Abidjan,Treichville,97,4,1,4,430000
Studio à Abobo,studio,Abidjan,Abobo,32,0,1,1,55000
Appartement à Abobo,appartement,Abidjan,Abobo,108,3,1,3,205000
Villa à Port-Bouët,villa,Abidjan,Port-Bouët,386,6,1,6,1290000
Maison à Abobo,maison,Abidjan,Abobo,199,6,2,6,410000
Maison à Koumassi,maison,Abidjan,Koumassi,185,6,1,5,580000
Maison à Adjamé,maison,Abidjan,Adjamé,210,6,1,6,500000
Maison à Bingerville,maison,Abidjan,Bingerville,103,3,1,2,385000
Villa à Koumassi,villa,Abidjan,Koumassi,299,6,2,5,1260000
Studio à Adjamé,studio,Abidjan,Adjamé,18,0,1,1,35000
Studio à Plateau,studio,Abidjan,Plateau,24,0,1,1,120000
Maison à Marcory,maison,Abidjan,Marcory,134,4,1,4,630000
Appartement à Bingerville,appartement,Abidjan,Bingerville,114,3,1,2,395000
Appartement à Cocody,appartement,Abidjan,Cocody,140,6,1,6,795000
Studio à Bingerville,studio,Abidjan,Bingerville,30,0,1,1,90000
Studio à Koumassi,studio,Abidjan,Koumassi,18,0,1,1,50000
Villa à Treichville,villa,Abidjan,Treichville,362,6,2,6,2070000
Maison à Treichville,maison,Abidjan,Treichville,184,6,1,6,870000
Studio à Adjamé,studio,Abidjan,Adjamé,30,0,1,1,55000
Maison à Bingerville,maison,Abidjan,Bingerville,103,3,1,2,305000
Appartement à Yopougon,appartement,Abidjan,Yopougon,50,2,1,1,115000
Maison à Abobo,maison,Abidjan,Abobo,195,6,1,5,425000
Studio à Marcory,studio,Abidjan,Marcory,34,0,1,1,115000
Villa à Adjamé,villa,Abidjan,Adjamé,173,6,1,6,600000
Maison à Koumassi,maison,Abidjan,Koumassi,145,5,1,4,495000
Studio à Plateau,studio,Abidjan,Plateau,39,0,1,1,200000
Appartement à Treichville,appartement,Abidjan,Treichville,50,2,1,1,185000
Villa à Cocody,villa,Abidjan,Cocody,215,6,1,5,1670000
Villa à Adjamé,villa,Abidjan,Adjamé,274,6,2,6,855000
Studio à Cocody,studio,Abidjan,Cocody,23,0,1,1,130000
Studio à Adjamé,studio,Abidjan,Adjamé,38,0,1,1,70000
Villa à Treichville,villa,Abidjan,Treichville,363,6,1,5,1950000
Appartement à Cocody,appartement,Abidjan,Cocody,48,3,1,2,210000
Studio à Cocody,studio,Abidjan,Cocody,23,0,1,1,125000
Studio à Adjamé,studio,Abidjan,Adjamé,36,0,1,1,80000
Villa à Bingerville,villa,Abidjan,Bingerville,249,6,2,5,1135000
Studio à Port-Bouët,studio,Abidjan,Port-Bouët,35,0,1,1,70000
Studio à Abobo,studio,Abidjan,Abobo,36,0,1,1,55000
Maison à Cocody,maison,Abidjan,Cocody,198,6,2,5,1240000
Villa à Bingerville,villa,Abidjan,Bingerville,247,6,1,5,1070000
Appartement à Treichville,appartement,Abidjan,Treichville,140,6,1,5,585000
Maison à Marcory,maison,Abidjan,Marcory,165,5,1,5,650000
Villa à Abobo,villa,Abidjan,Abobo,287,6,2,6,865000
Appartement à Koumassi,appartement,Abidjan,Koumassi,97,3,1,3,230000
Maison à Abobo,maison,Abidjan,Abobo,119,3,1,3,255000
Studio à Abobo,studio,Abidjan,Abobo,35,0,1,1,60000
Studio à Adjamé,studio,Abidjan,Adjamé,27,0,1,1,60000
Studio à Bingerville,studio,Abidjan,Bingerville,24,0,1,1,80000
Maison à Yopougon,maison,Abidjan,Yopougon,161,5,1,5,420000
Appartement à Cocody,appartement,Abidjan,Cocody,85,4,1,3,420000
Appartement à Bingerville,appartement,Abidjan,Bingerville,117,4,1,3,435000
Studio à Marcory,studio,Abidjan,Marcory,28,0,1,1,95000
Villa à Treichville,villa,Abidjan,Treichville,220,6,1,5,1260000
Villa à Yopougon,villa,Abidjan,Yopougon,241,6,2,6,790000
Studio à Abobo,studio,Abidjan,Abobo,26,0,1,1,50000
Appartement à Marcory,appartement,Abidjan,Marcory,78,2,1,2,335000
Studio à Adjamé,studio,Abidjan,Adjamé,36,0,1,1,75000
Appartement à Abobo,appartement,Abidjan,Abobo,49,2,1,1,90000
Maison à Marcory,maison,Abidjan,Marcory,170,6,2,6,785000
Studio à Adjamé,studio,Abidjan,Adjamé,30,0,1,1,60000
Appartement à Plateau,appartement,Abidjan,Plateau,123,4,1,4,705000
Appartement à Marcory,appartement,Abidjan,Marcory,139,6,1,5,495000
Appartement à Yopougon,appartement,Abidjan,Yopougon,53,2,1,1,110000
Maison à Treichville,maison,Abidjan,Treichville,169,6,2,6,605000
Studio à Koumassi,studio,Abidjan,Koumassi,40,0,1,1,115000
Maison à Bingerville,maison,Abidjan,Bingerville,218,6,2,5,795000
Maison à Cocody,maison,Abidjan,Cocody,166,6,2,5,1105000
Villa à Koumassi,villa,Abidjan,Koumassi,352,6,1,6,1370000
Studio à Treichville,studio,Abidjan,Treichville,34,0,1,1,115000
Appartement à Treichville,appartement,Abidjan,Treichville,68,2,1,1,230000
Appartement à Cocody,appartement,Abidjan,Cocody,98,3,1,3,510000
Villa à Yopougon,villa,Abidjan,Yopougon,203,6,2,6,680000
Appartement à Marcory,appartement,Abidjan,Marcory,62,1,1,1,200000
Appartement à Bingerville,appartement,Abidjan,Bingerville,111,5,1,5,425000
Studio à Bingerville,studio,Abidjan,Bingerville,24,0,1,1,75000
Villa à Yopougon,villa,Abidjan,Yopougon,193,6,2,6,765000
Maison à Marcory,maison,Abidjan,Marcory,112,4,1,3,495000
Appartement à Cocody,appartement,Abidjan,Cocody,93,4,1,4,440000
Villa à Treichville,villa,Abidjan,Treichville,361,6,1,6,1895000
Studio à Abobo,studio,Abidjan,Abobo,35,0,1,1,60000
Studio à Cocody,studio,Abidjan,Cocody,33,0,1,1,170000
Studio à Abobo,studio,Abidjan,Abobo,39,0,1,1,70000
Villa à Adjamé,villa,Abidjan,Adjamé,244,6,2,6,910000
Villa à Yopougon,villa,Abidjan,Yopougon,239,6,2,6,805000
Studio à Treichville,studio,Abidjan,Treichville,27,0,1,1,90000
Villa à Adjamé,villa,Abidjan,Adjamé,215,6,1,6,725000
Studio à Cocody,studio,Abidjan,Cocody,30,0,1,1,155000
Villa à Koumassi,villa,Abidjan,Koumassi,242,6,1,5,980000
Maison à Bingerville,maison,Abidjan,Bingerville,207,6,2,5,900000
Appartement à Port-Bouët,appartement,Abidjan,Port-Bouët,97,4,1,4,240000
Villa à Adjamé,villa,Abidjan,Adjamé,214,6,2,5,740000
Appartement à Cocody,appartement,Abidjan,Cocody,102,3,1,3,490000
Maison à Port-Bouët,maison,Abidjan,Port-Bouët,210,6,1,5,695000
Studio à Plateau,studio,Abidjan,Plateau,22,0,1,1,115000
Villa à Abobo,villa,Abidjan,Abobo,172,5,2,5,455000
Studio à Abobo,studio,Abidjan,Abobo,30,0,1,1,60000
Maison à Port-Bouët,maison,Abidjan,Port-Bouët,84,3,1,2,220000
Maison à Treichville,maison,Abidjan,Treichville,119,3,1,3,470000
Maison à Plateau,maison,Abidjan,Plateau,131,3,1,3,715000
Villa à Bingerville,villa,Abidjan,Bingerville,240,6,2,6,1195000
Studio à Cocody,studio,Abidjan,Cocody,35,0,1,1,160000
Maison à Adjamé,maison,Abidjan,Adjamé,158,5,1,5,395000
Studio à Port-Bouët,studio,Abidjan,Port-Bouët,26,0,1,1,55000
Studio à Adjamé,studio,Abidjan,Adjamé,35,0,1,1,65000
Maison à Bingerville,maison,Abidjan,Bingerville,99,3,1,2,365000
Villa à Port-Bouët,villa,Abidjan,Port-Bouët,347,6,2,5,1355000
Studio à Abobo,studio,Abidjan,Abobo,33,0,1,1,50000
Villa à Cocody,villa,Abidjan,Cocody,312,6,1,5,2350000
Studio à Koumassi,studio,Abidjan,Koumassi,40,0,1,1,110000
Maison à Treichville,maison,Abidjan,Treichville,93,4,1,3,310000
Villa à Marcory,villa,Abidjan,Marcory,230,6,1,5,1205000
Villa à Treichville,villa,Abidjan,Treichville,338,6,1,6,1985000
Appartement à Treichville,appartement,Abidjan,Treichville,70,2,1,1,205000
Studio à Cocody,studio,Abidjan,Cocody,20,0,1,1,105000
Studio à Yopougon,studio,Abidjan,Yopougon,35,0,1,1,90000
Maison à Yopougon,maison,Abidjan,Yopougon,150,6,2,5,380000
Maison à Adjamé,maison,Abidjan,Adjamé,171,6,1,6,445000
Villa à Port-Bouët,villa,Abidjan,Port-Bouët,390,6,2,5,1600000
Villa à Marcory,villa,Abidjan,Marcory,399,6,2,5,2445000
Appartement à Plateau,appartement,Abidjan,Plateau,93,2,1,1,475000
Appartement à Bingerville,appartement,Abidjan,Bingerville,115,4,1,4,360000
Maison à Abobo,maison,Abidjan,Abobo,163,5,2,4,310000
Maison à Koumassi,maison,Abidjan,Koumassi,172,6,2,6,545000
Appartement à Abobo,appartement,Abidjan,Abobo,57,2,1,2,105000
Appartement à Port-Bouët,appartement,Abidjan,Port-Bouët,63,2,1,1,165000
Villa à Marcory,villa,Abidjan,Marcory,277,6,2,5,1510000
Studio à Adjamé,studio,Abidjan,Adjamé,30,0,1,1,55000
Studio à Marcory,studio,Abidjan,Marcory,24,0,1,1,95000
Studio à Yopougon,studio,Abidjan,Yopougon,32,0,1,1,80000
Maison à Bingerville,maison,Abidjan,Bingerville,162,5,2,5,600000
Appartement à Koumassi,appartement,Abidjan,Koumassi,118,4,1,3,295000
Villa à Adjamé,villa,Abidjan,Adjamé,348,6,1,5,1160000
Appartement à Yopougon,appartement,Abidjan,Yopougon,66,2,1,1,155000
Villa à Abobo,villa,Abidjan,Abobo,367,6,1,6,980000
Maison à Koumassi,maison,Abidjan,Koumassi,144,5,1,4,395000
Maison à Yopougon,maison,Abidjan,Yopougon,220,6,2,6,570000
Appartement à Plateau,appartement,Abidjan,Plateau,138,5,1,4,910000
Appartement à Cocody,appartement,Abidjan,Cocody,66,3,1,3,305000
Studio à Yopougon,studio,Abidjan,Yopougon,18,0,1,1,45000
Studio à Adjamé,studio,Abidjan,Adjamé,21,0,1,1,40000
Studio à Marcory,studio,Abidjan,Marcory,38,0,1,1,160000
Maison à Port-Bouët,maison,Abidjan,Port-Bouët,128,4,1,3,345000
Appartement à Marcory,appartement,Abidjan,Marcory,112,4,1,4,390000
Maison à Koumassi,maison,Abidjan,Koumassi,191,6,2,5,515000
Appartement à Adjamé,appartement,Abidjan,Adjamé,120,5,1,4,270000
Maison à Adjamé,maison,Abidjan,Adjamé,158,6,1,6,405000
Villa à Koumassi,villa,Abidjan,Koumassi,216,6,2,6,730000
Maison à Marcory,maison,Abidjan,Marcory,143,6,1,6,705000
Villa à Yopougon,villa,Abidjan,Yopougon,226,6,2,5,825000
Maison à Plateau,maison,Abidjan,Plateau,118,5,1,4,730000
Villa à Marcory,villa,Abidjan,Marcory,362,6,1,5,1835000
Maison à Treichville,maison,Abidjan,Treichville,142,5,1,4,505000
Appartement à Cocody,appartement,Abidjan,Cocody,62,2,1,2,330000
Villa à Abobo,villa,Abidjan,Abobo,219,6,1,5,515000
Studio à Plateau,studio,Abidjan,Plateau,23,0,1,1,140000
Maison à Bingerville,maison,Abidjan,Bingerville,102,4,1,4,345000
Studio à Marcory,studio,Abidjan,Marcory,33,0,1,1,110000
Maison à Port-Bouët,maison,Abidjan,Port-Bouët,197,6,2,6,560000
Studio à Marcory,studio,Abidjan,Marcory,26,0,1,1,105000
Villa à Cocody,villa,Abidjan,Cocody,196,6,2,5,1665000
Appartement à Cocody,appartement,Abidjan,Cocody,94,4,1,4,540000
Appartement à Plateau,appartement,Abidjan,Plateau,103,2,1,2,565000
Maison à Bingerville,maison,Abidjan,Bingerville,110,3,1,3,365000
Appartement à Bingerville,appartement,Abidjan,Bingerville,91,2,1,2,330000
Villa à Treichville,villa,Abidjan,Treichville,233,6,1,5,1230000
Appartement à Port-Bouët,appartement,Abidjan,Port-Bouët,46,1,1,1,115000
Maison à Marcory,maison,Abidjan,Marcory,92,3,1,3,395000
Maison à Abobo,maison,Abidjan,Abobo,85,2,1,1,170000
Studio à Adjamé,studio,Abidjan,Adjamé,22,0,1,1,45000
Maison à Koumassi,maison,Abidjan,Koumassi,182,6,1,5,530000
Maison à Marcory,maison,Abidjan,Marcory,80,4,1,3,350000
Villa à Adjamé,villa,Abidjan,Adjamé,198,6,2,5,680000
Appartement à Bingerville,appartement,Abidjan,Bingerville,53,2,1,1,155000
Maison à Bingerville,maison,Abidjan,Bingerville,186,5,2,5,785000
Maison à Abobo,maison,Abidjan,Abobo,131,4,1,4,285000
Villa à Adjamé,villa,Abidjan,Adjamé,198,6,1,5,605000
Studio à Koumassi,studio,Abidjan,Koumassi,21,0,1,1,50000
Studio à Cocody,studio,Abidjan,Cocody,22,0,1,1,100000
Appartement à Plateau,appartement,Abidjan,Plateau,58,3,1,3,290000
Villa à Abobo,villa,Abidjan,Abobo,318,6,2,6,855000
Studio à Abobo,studio,Abidjan,Abobo,18,0,1,1,35000
Villa à Treichville,villa,Abidjan,Treichville,387,6,2,6,1960000
Maison à Port-Bouët,maison,Abidjan,Port-Bouët,84,3,1,3,250000
Studio à Bingerville,studio,Abidjan,Bingerville,24,0,1,1,85000
Studio à Cocody,studio,Abidjan,Cocody,25,0,1,1,125000
Appartement à Treichville,appartement,Abidjan,Treichville,112,4,1,4,410000
Villa à Adjamé,villa,Abidjan,Adjamé,341,6,2,5,1165000
Studio à Port-Bouët,studio,Abidjan,Port-Bouët,23,0,1,1,60000
Villa à Adjamé,villa,Abidjan,Adjamé,279,6,1,5,1015000
Maison à Koumassi,maison,Abidjan,Koumassi,165,6,2,5,515000
Appartement à Abobo,appartement,Abidjan,Abobo,93,3,1,2,190000
Villa à Yopougon,villa,Abidjan,Yopougon,150,4,2,4,520000
Studio à Bingerville,studio,Abidjan,Bingerville,27,0,1,1,95000
Maison à Treichville,maison,Abidjan,Treichville,75,2,1,2,245000
Maison à Yopougon,maison,Abidjan,Yopougon,109,4,1,3,275000
Appartement à Abobo,appartement,Abidjan,Abobo,74,2,1,1,115000
Appartement à Port-Bouët,appartement,Abidjan,Port-Bouët,138,4,1,3,375000
Villa à Marcory,villa,Abidjan,Marcory,361,6,2,6,2295000
Villa à Abobo,villa,Abidjan,Abobo,170,5,2,4,505000
Villa à Port-Bouët,villa,Abidjan,Port-Bouët,388,6,1,6,1535000
Studio à Port-Bouët,studio,Abidjan,Port-Bouët,27,0,1,1,65000
Appartement à Koumassi,appartement,Abidjan,Koumassi,86,3,1,3,195000
Villa à Port-Bouët,villa,Abidjan,Port-Bouët,342,6,1,5,1185000
Appartement à Port-Bouët,appartement,Abidjan,Port-Bouët,61,2,1,2,150000
Villa à Plateau,villa,Abidjan,Plateau,217,6,2,5,1965000
Appartement à Marcory,appartement,Abidjan,Marcory,106,4,1,3,405000
Appartement à Abobo,appartement,Abidjan,Abobo,116,4,1,4,190000
Maison à Port-Bouët,maison,Abidjan,Port-Bouët,217,6,1,5,615000
Appartement à Koumassi,appartement,Abidjan,Koumassi,86,3,1,3,245000
Maison à Marcory,maison,Abidjan,Marcory,183,6,2,6,965000
Appartement à Treichville,appartement,Abidjan,Treichville,132,4,1,4,510000
Studio à Cocody,studio,Abidjan,Cocody,19,0,1,1,85000
Appartement à Abobo,appartement,Abidjan,Abobo,81,2,1,1,150000
Maison à Cocody,maison,Abidjan,Cocody,185,6,1,5,1025000
Appartement à Adjamé,appartement,Abidjan,Adjamé,71,2,1,1,150000
Studio à Marcory,studio,Abidjan,Marcory,30,0,1,1,115000
Studio à Adjamé,studio,Abidjan,Adjamé,26,0,1,1,50000
Appartement à Bingerville,appartement,Abidjan,Bingerville,134,4,1,4,445000
Studio à Plateau,studio,Abidjan,Plateau,30,0,1,1,170000
Studio à Koumassi,studio,Abidjan,Koumassi,18,0,1,1,40000
Appartement à Port-Bouët,appartement,Abidjan,Port-Bouët,93,2,1,1,220000
Studio à Abobo,studio,Abidjan,Abobo,23,0,1,1,35000
Studio à Yopougon,studio,Abidjan,Yopougon,19,0,1,1,40000
Maison à Adjamé,maison,Abidjan,Adjamé,155,6,2,6,345000
Maison à Koumassi,maison,Abidjan,Koumassi,147,5,1,4,475000
Villa à Bingerville,villa,Abidjan,Bingerville,377,6,2,6,1675000
Appartement à Port-Bouët,appartement,Abidjan,Port-Bouët,56,3,1,3,135000
Appartement à Abobo,appartement,Abidjan,Abobo,99,3,1,2,175000
Appartement à Marcory,appartement,Abidjan,Marcory,128,4,1,4,570000
Appartement à Bingerville,appartement,Abidjan,Bingerville,100,3,1,3,310000
Studio à Adjamé,studio,Abidjan,Adjamé,23,0,1,1,45000
Studio à Marcory,studio,Abidjan,Marcory,28,0,1,1,115000
Villa à Port-Bouët,villa,Abidjan,Port-Bouët,227,6,2,6,935000
Appartement à Cocody,appartement,Abidjan,Cocody,68,1,1,1,345000
Appartement à Abobo,appartement,Abidjan,Abobo,121,4,1,4,245000
Studio à Koumassi,studio,Abidjan,Koumassi,40,0,1,1,105000
Villa à Marcory,villa,Abidjan,Marcory,332,6,1,5,1920000
Appartement à Marcory,appartement,Abidjan,Marcory,69,2,1,2,255000
Maison à Plateau,maison,Abidjan,Plateau,175,6,1,6,1025000
Villa à Yopougon,villa,Abidjan,Yopougon,326,6,2,6,1160000
Villa à Plateau,villa,Abidjan,Plateau,334,6,2,6,2885000
Villa à Yopougon,villa,Abidjan,Yopougon,361,6,1,5,1465000
Villa à Plateau,villa,Abidjan,Plateau,282,6,1,5,2320000
Maison à Bingerville,maison,Abidjan,Bingerville,188,6,2,5,740000
Appartement à Plateau,appartement,Abidjan,Plateau,104,4,1,4,645000
Appartement à Cocody,appartement,Abidjan,Cocody,119,4,1,3,605000
Studio à Yopougon,studio,Abidjan,Yopougon,23,0,1,1,50000
Villa à Treichville,villa,Abidjan,Treichville,173,6,2,6,975000
Studio à Cocody,studio,Abidjan,Cocody,21,0,1,1,110000
Studio à Koumassi,studio,Abidjan,Koumassi,34,0,1,1,90000
Appartement à Adjamé,appartement,Abidjan,Adjamé,93,4,1,4,225000
Appartement à Koumassi,appartement,Abidjan,Koumassi,65,2,1,2,180000
Villa à Plateau,villa,Abidjan,Plateau,228,6,2,5,1980000
Appartement à Cocody,appartement,Abidjan,Cocody,70,1,1,1,295000
Villa à Yopougon,villa,Abidjan,Yopougon,289,6,2,6,960000
Villa à Yopougon,villa,Abidjan,Yopougon,254,6,1,6,850000
Maison à Adjamé,maison,Abidjan,Adjamé,212,6,1,6,490000
Studio à Koumassi,studio,Abidjan,Koumassi,22,0,1,1,60000
Maison à Abobo,maison,Abidjan,Abobo,154,4,1,4,315000
Appartement à Marcory,appartement,Abidjan,Marcory,131,4,1,4,600000
Maison à Abobo,maison,Abidjan,Abobo,79,2,1,1,145000
Studio à Port-Bouët,studio,Abidjan,Port-Bouët,31,0,1,1,80000
Maison à Cocody,maison,Abidjan,Cocody,190,6,1,5,1095000
Appartement à Port-Bouët,appartement,Abidjan,Port-Bouët,134,4,1,4,305000
Studio à Adjamé,studio,Abidjan,Adjamé,33,0,1,1,75000
Maison à Abobo,maison,Abidjan,Abobo,179,6,2,5,435000
Villa à Abobo,villa,Abidjan,Abobo,283,6,2,6,885000
Maison à Treichville,maison,Abidjan,Treichville,119,3,1,3,390000
Appartement à Cocody,appartement,Abidjan,Cocody,123,5,1,4,570000
Appartement à Koumassi,appartement,Abidjan,Koumassi,46,2,1,1,105000
Maison à Cocody,maison,Abidjan,Cocody,146,5,1,5,785000
Maison à Koumassi,maison,Abidjan,Koumassi,171,5,1,5,495000
Villa à Koumassi,villa,Abidjan,Koumassi,384,6,1,6,1515000
Maison à Yopougon,maison,Abidjan,Yopougon,188,6,1,5,535000
Studio à Koumassi,studio,Abidjan,Koumassi,24,0,1,1,60000
Maison à Koumassi,maison,Abidjan,Koumassi,86,3,1,2,265000
Villa à Koumassi,villa,Abidjan,Koumassi,310,6,2,6,1265000
Maison à Bingerville,maison,Abidjan,Bingerville,78,3,1,2,240000
Maison à Treichville,maison,Abidjan,Treichville,185,6,1,5,675000
Studio à Koumassi,studio,Abidjan,Koumassi,24,0,1,1,65000
Studio à Yopougon,studio,Abidjan,Yopougon,33,0,1,1,85000
Appartement à Marcory,appartement,Abidjan,Marcory,88,4,1,3,375000
Studio à Marcory,studio,Abidjan,Marcory,34,0,1,1,135000
Appartement à Marcory,appartement,Abidjan,Marcory,137,4,1,3,520000
Studio à Adjamé,studio,Abidjan,Adjamé,18,0,1,1,35000
Studio à Plateau,studio,Abidjan,Plateau,28,0,1,1,150000
Studio à Plateau,studio,Abidjan,Plateau,34,0,1,1,195000
Studio à Bingerville,studio,Abidjan,Bingerville,36,0,1,1,120000
Maison à Treichville,maison,Abidjan,Treichville,121,4,1,3,435000
Villa à Koumassi,villa,Abidjan,Koumassi,321,6,2,6,1140000
Studio à Cocody,studio,Abidjan,Cocody,37,0,1,1,185000
Appartement à Cocody,appartement,Abidjan,Cocody,114,4,1,3,555000
Appartement à Bingerville,appartement,Abidjan,Bingerville,66,1,1,1,210000
Villa à Koumassi,villa,Abidjan,Koumassi,162,5,1,4,685000
Studio à Plateau,studio,Abidjan,Plateau,30,0,1,1,140000
Villa à Port-Bouët,villa,Abidjan,Port-Bouët,195,6,2,5,685000
Studio à Treichville,studio,Abidjan,Treichville,32,0,1,1,110000
Villa à Cocody,villa,Abidjan,Cocody,174,6,2,5,1335000
Appartement à Treichville,appartement,Abidjan,Treichville,123,4,1,3,415000
Maison à Koumassi,maison,Abidjan,Koumassi,186,6,1,6,575000
Villa à Koumassi,villa,Abidjan,Koumassi,268,6,2,5,1070000
Studio à Marcory,studio,Abidjan,Marcory,30,0,1,1,120000
Maison à Cocody,maison,Abidjan,Cocody,212,6,2,5,1250000
Appartement à Port-Bouët,appartement,Abidjan,Port-Bouët,124,4,1,4,365000
Studio à Port-Bouët,studio,Abidjan,Port-Bouët,28,0,1,1,60000
Villa à Abobo,villa,Abidjan,Abobo,350,6,2,6,885000
Villa à Cocody,villa,Abidjan,Cocody,179,6,2,6,1555000
Maison à Marcory,maison,Abidjan,Marcory,173,5,1,4,730000
Studio à Plateau,studio,Abidjan,Plateau,24,0,1,1,140000
Studio à Abobo,studio,Abidjan,Abobo,22,0,1,1,40000
Maison à Yopougon,maison,Abidjan,Yopougon,169,6,1,6,510000
Maison à Koumassi,maison,Abidjan,Koumassi,215,6,2,5,750000
Studio à Abobo,studio,Abidjan,Abobo,37,0,1,1,75000
Appartement à Port-Bouët,appartement,Abidjan,Port-Bouët,82,2,1,1,220000
Studio à Plateau,studio,Abidjan,Plateau,40,0,1,1,220000
Studio à Koumassi,studio,Abidjan,Koumassi,27,0,1,1,75000
Villa à Treichville,villa,Abidjan,Treichville,329,6,2,5,1645000
Appartement à Port-Bouët,appartement,Abidjan,Port-Bouët,129,4,1,3,290000
Villa à Adjamé,villa,Abidjan,Adjamé,365,6,2,6,1130000
Appartement à Marcory,appartement,Abidjan,Marcory,46,1,1,1,150000
Villa à Yopougon,villa,Abidjan,Yopougon,399,6,1,6,1510000
Villa à Port-Bouët,villa,Abidjan,Port-Bouët,378,6,1,5,1405000
Villa à Adjamé,villa,Abidjan,Adjamé,248,6,1,6,800000
Villa à Plateau,villa,Abidjan,Plateau,366,6,2,5,3455000
Maison à Abobo,maison,Abidjan,Abobo,78,2,1,1,160000
Villa à Cocody,villa,Abidjan,Cocody,396,6,1,5,3030000
Studio à Cocody,studio,Abidjan,Cocody,25,0,1,1,125000
Maison à Cocody,maison,Abidjan,Cocody,83,3,1,3,475000
Villa à Adjamé,villa,Abidjan,Adjamé,296,6,2,5,1085000
Maison à Bingerville,maison,Abidjan,Bingerville,112,3,1,2,420000
Maison à Abobo,maison,Abidjan,Abobo,85,4,1,4,180000
Studio à Bingerville,studio,Abidjan,Bingerville,27,0,1,1,85000
Studio à Marcory,studio,Abidjan,Marcory,26,0,1,1,90000
Maison à Abobo,maison,Abidjan,Abobo,140,5,1,5,325000
Appartement à Abobo,appartement,Abidjan,Abobo,120,4,1,3,215000
Maison à Marcory,maison,Abidjan,Marcory,130,5,1,5,645000
